{
  "swagger" : "2.0",
  "info" : {
    "version" : "1.0",
    "title" : "EAI Catalog REST Service",
    "description" : "EAI Catalog REST Service"
  },
  "host" : "localhost:8080",
  "basePath" : "/",
  "schemes" : [ "http" ],
  "paths" : {
    "/catalog" : {
      "post" : {
        "summary" : "Add new Service to catalog",
        "description" : "",
        "operationId" : "post-catalog",
        "consumes" : [ "application/json" ],
        "produces" : [ "application/json" ],
        "parameters" : [ {
          "name" : "body",
          "in" : "body",
          "description" : "",
          "schema" : {
            "$ref" : "#/definitions/CatalogRequest"
          },
          "required" : true
        } ],
        "responses" : {
          "200" : {
            "description" : "a string to be returned",
            "schema" : {
              "type" : "string"
            },
            "headers" : { }
          },
          "304" : {
            "description" : "Not Modified",
            "schema" : {
              "type" : "string"
            }
          },
          "400" : {
            "description" : "Bad Request",
            "schema" : {
              "type" : "string"
            }
          },
          "401" : {
            "description" : "Unauthorized",
            "schema" : {
              "type" : "string"
            }
          },
          "307" : {
            "description" : "Temporary Redirect",
            "schema" : {
              "type" : "string"
            }
          },
          "403" : {
            "description" : "Forbidden",
            "schema" : {
              "type" : "string"
            }
          },
          "404" : {
            "description" : "Not Found",
            "schema" : {
              "type" : "string"
            }
          },
          "201" : {
            "description" : "Created",
            "schema" : {
              "type" : "string"
            }
          },
          "202" : {
            "description" : "Accepted",
            "schema" : {
              "type" : "string"
            }
          },
          "204" : {
            "description" : "No Content",
            "schema" : {
              "type" : "string"
            }
          },
          "301" : {
            "description" : "Moved Permanently",
            "schema" : {
              "type" : "string"
            }
          },
          "303" : {
            "description" : "See Other",
            "schema" : {
              "type" : "string"
            }
          }
        }
      },
      "get" : {
        "summary" : "Get all Services in catalog",
        "description" : "",
        "operationId" : "get-catalog",
        "consumes" : [ "application/json" ],
        "produces" : [ "application/json" ],
        "parameters" : [ ],
        "responses" : {
          "200" : {
            "description" : "a CatalogArray to be returned",
            "schema" : {
              "$ref" : "#/definitions/CatalogArray"
            },
            "headers" : { }
          },
          "400" : {
            "description" : "Bad Request",
            "schema" : {
              "type" : "string"
            }
          },
          "401" : {
            "description" : "Unauthorized",
            "schema" : {
              "type" : "string"
            }
          },
          "403" : {
            "description" : "Forbidden",
            "schema" : {
              "type" : "string"
            }
          },
          "404" : {
            "description" : "Not Found",
            "schema" : {
              "type" : "string"
            }
          }
        }
      },
      "put" : {
        "summary" : "Update one Service in catalog",
        "description" : "",
        "operationId" : "put-catalog",
        "consumes" : [ "application/json" ],
        "produces" : [ "application/json" ],
        "parameters" : [ {
          "name" : "body",
          "in" : "body",
          "description" : "",
          "schema" : {
            "$ref" : "#/definitions/CatalogRequest"
          },
          "required" : true
        } ],
        "responses" : {
          "200" : {
            "description" : "a string to be returned",
            "schema" : {
              "type" : "string"
            },
            "headers" : { }
          },
          "400" : {
            "description" : "Bad Request",
            "schema" : {
              "type" : "string"
            }
          },
          "401" : {
            "description" : "Unauthorized",
            "schema" : {
              "type" : "string"
            }
          },
          "403" : {
            "description" : "Forbidden",
            "schema" : {
              "type" : "string"
            }
          },
          "404" : {
            "description" : "Not Found",
            "schema" : {
              "type" : "string"
            }
          },
          "500" : {
            "description" : "Internal Server Error",
            "schema" : {
              "type" : "string"
            }
          },
          "202" : {
            "description" : "Accepted",
            "schema" : {
              "type" : "string"
            }
          }
        }
      },
      "delete" : {
        "summary" : "Delete one Service in catalog",
        "description" : "",
        "operationId" : "delete-catalog",
        "consumes" : [ "application/json" ],
        "produces" : [ "application/json" ],
        "parameters" : [ {
          "name" : "catalogid",
          "in" : "query",
          "description" : "",
          "type" : "integer",
          "format" : "int32",
          "required" : false
        } ],
        "responses" : {
          "200" : {
            "description" : "a string to be returned",
            "schema" : {
              "type" : "string"
            },
            "headers" : { }
          },
          "400" : {
            "description" : "Bad Request",
            "schema" : {
              "type" : "string"
            }
          },
          "401" : {
            "description" : "Unauthorized",
            "schema" : {
              "type" : "string"
            }
          }
        }
      }
    }
  },
  "definitions" : {
    "CatalogRequest" : {
      "type" : "object",
      "properties" : {
        "SYSTEM" : {
          "type" : "string"
        },
        "SERVICE_NAME" : {
          "type" : "string"
        },
        "APPLICATION_NAME" : {
          "type" : "string"
        },
        "SERVICE_TYPE" : {
          "type" : "string"
        },
        "SERVICE_FUNCTION" : {
          "type" : "string"
        },
        "SERVICE_OPERATION" : {
          "type" : "string"
        },
        "SERVICE_VERSION" : {
          "type" : "string"
        },
        "RECEIVER_TYPE" : {
          "type" : "string"
        },
        "RECEIVER_DESTINATION" : {
          "type" : "string"
        },
        "HAS_HANDLING" : {
          "type" : "boolean"
        },
        "HAS_SEQUENCE" : {
          "type" : "boolean"
        },
        "EAI_CATALOG_ID" : {
          "type" : "integer"
        }
      }
    },
    "CatalogArray" : {
      "type" : "object",
      "properties" : {
        "Catalog" : {
          "type" : "array",
          "items" : {
            "$ref" : "#/definitions/Catalog",
            "uniqueItems" : false
          }
        }
      }
    },
    "Catalog" : {
      "type" : "object",
      "properties" : {
        "EAI_CATALOG_ID" : {
          "type" : "integer"
        },
        "SYSTEM" : {
          "type" : "string"
        },
        "SERVICE_NAME" : {
          "type" : "string"
        },
        "APPLICATION_NAME" : {
          "type" : "string"
        },
        "SERVICE_TYPE" : {
          "type" : "string"
        },
        "SERVICE_FUNCTION" : {
          "type" : "string"
        },
        "SERVICE_OPERATION" : {
          "type" : "string"
        },
        "SERVICE_VERSION" : {
          "type" : "string"
        },
        "RECEIVER_TYPE" : {
          "type" : "string"
        },
        "RECEIVER_DESTINATION" : {
          "type" : "string"
        },
        "HAS_HANDLING" : {
          "type" : "string"
        },
        "HAS_SEQUENCE" : {
          "type" : "string"
        }
      }
    }
  }
}