{
  "swagger" : "2.0",
  "info" : {
    "version" : "1.0",
    "title" : "Summary about the new REST service.",
    "description" : "Summary about the new REST service."
  },
  "host" : "localhost:8080",
  "basePath" : "/",
  "schemes" : [ "http" ],
  "paths" : {
    "/application" : {
      "get" : {
        "summary" : "",
        "description" : "",
        "operationId" : "get-application",
        "consumes" : [ "application/json" ],
        "produces" : [ "application/json" ],
        "parameters" : [ {
          "name" : "name",
          "in" : "query",
          "description" : "",
          "type" : "string",
          "required" : false
        } ],
        "responses" : {
          "200" : {
            "description" : "a APPLICATIONS to be returned",
            "schema" : {
              "type" : "array",
              "items" : {
                "$ref" : "#/definitions/APPLICATIONS",
                "uniqueItems" : false
              }
            },
            "headers" : { }
          }
        }
      }
    }
  },
  "definitions" : {
    "APPLICATION" : {
      "type" : "object",
      "required" : [ "NAME" ],
      "properties" : {
        "NAME" : {
          "type" : "string"
        }
      }
    },
    "APPLICATIONS" : {
      "type" : "object",
      "properties" : {
        "APPLICATION" : {
          "type" : "array",
          "items" : {
            "$ref" : "#/definitions/APPLICATION",
            "uniqueItems" : false
          }
        }
      }
    }
  }
}