{
  "swagger" : "2.0",
  "info" : {
    "version" : "1.0",
    "title" : "Summary about the new REST service.",
    "description" : "Summary about the new REST service."
  },
  "host" : "localhost:8080",
  "basePath" : "/",
  "schemes" : [ "http" ],
  "paths" : {
    "/service" : {
      "get" : {
        "summary" : "",
        "description" : "",
        "operationId" : "get-service",
        "consumes" : [ "application/json" ],
        "produces" : [ "application/json" ],
        "parameters" : [ {
          "name" : "SERVICE_NAME",
          "in" : "query",
          "description" : "",
          "type" : "string",
          "required" : false
        }, {
          "name" : "SERVICE_FUNCTION",
          "in" : "query",
          "description" : "",
          "type" : "string",
          "required" : false
        }, {
          "name" : "SERVICE_TYPE",
          "in" : "query",
          "description" : "",
          "type" : "string",
          "required" : false
        }, {
          "name" : "SERVICE_VERSION",
          "in" : "query",
          "description" : "",
          "type" : "string",
          "required" : false
        }, {
          "name" : "APPLICATION_NAME",
          "in" : "query",
          "description" : "",
          "type" : "string",
          "required" : false
        }, {
          "name" : "SERVICE_OPERATION",
          "in" : "query",
          "description" : "",
          "type" : "string",
          "required" : false
        } ],
        "responses" : {
          "200" : {
            "description" : "a Catalog to be returned",
            "schema" : {
              "type" : "array",
              "items" : {
                "$ref" : "#/definitions/Catalog",
                "uniqueItems" : false
              }
            }
          }
        }
      }
    }
  },
  "definitions" : {
    "Catalog" : {
      "type" : "object",
      "properties" : {
        "EAI_CATALOG_ID" : {
          "type" : "integer"
        },
        "SYSTEM" : {
          "type" : "string"
        },
        "SERVICE_NAME" : {
          "type" : "string"
        },
        "APPLICATION_NAME" : {
          "type" : "string"
        },
        "SERVICE_TYPE" : {
          "type" : "string"
        },
        "SERVICE_FUNCTION" : {
          "type" : "string"
        },
        "SERVICE_OPERATION" : {
          "type" : "string"
        },
        "SERVICE_VERSION" : {
          "type" : "string"
        },
        "RECEIVER_TYPE" : {
          "type" : "string"
        },
        "RECEIVER_DESTINATION" : {
          "type" : "string"
        },
        "HAS_HANDLING" : {
          "type" : "string"
        },
        "HAS_SEQUENCE" : {
          "type" : "string"
        }
      }
    }
  }
}