{
  "swagger" : "2.0",
  "info" : {
    "version" : "1.0",
    "title" : "REST Service for Control Sequence",
    "description" : "REST Service for Control Sequence"
  },
  "host" : "localhost:8080",
  "basePath" : "/",
  "schemes" : [ "http" ],
  "paths" : {
    "/controlsequence" : {
      "post" : {
        "summary" : "",
        "description" : "",
        "operationId" : "post-controlsequence",
        "consumes" : [ "application/json" ],
        "produces" : [ "application/json" ],
        "parameters" : [ {
          "name" : "body",
          "in" : "body",
          "description" : "",
          "type" : "string",
          "required" : true
        } ],
        "responses" : {
          "200" : {
            "description" : "a string to be returned",
            "schema" : {
              "type" : "string"
            }
          }
        }
      },
      "get" : {
        "summary" : "",
        "description" : "",
        "operationId" : "get-controlsequence",
        "consumes" : [ "application/json" ],
        "produces" : [ "application/json" ],
        "parameters" : [ ],
        "responses" : {
          "200" : {
            "description" : "a string to be returned",
            "schema" : {
              "type" : "string"
            }
          }
        }
      },
      "put" : {
        "summary" : "",
        "description" : "",
        "operationId" : "put-controlsequence",
        "consumes" : [ "application/json" ],
        "produces" : [ "application/json" ],
        "parameters" : [ {
          "name" : "body",
          "in" : "body",
          "description" : "",
          "type" : "string",
          "required" : true
        } ],
        "responses" : {
          "200" : {
            "description" : "a string to be returned",
            "schema" : {
              "type" : "string"
            }
          }
        }
      },
      "delete" : {
        "summary" : "",
        "description" : "",
        "operationId" : "delete-controlsequence",
        "consumes" : [ "application/json" ],
        "produces" : [ "application/json" ],
        "parameters" : [ ],
        "responses" : {
          "200" : {
            "description" : "a string to be returned",
            "schema" : {
              "type" : "string"
            }
          }
        }
      }
    }
  },
  "definitions" : { }
}