{
  "swagger" : "2.0",
  "info" : {
    "version" : "1.0",
    "title" : "REST service for errors",
    "description" : "REST service for errors"
  },
  "host" : "localhost:8080",
  "basePath" : "/",
  "schemes" : [ "http" ],
  "paths" : {
    "/errorservice" : {
      "post" : {
        "summary" : "Add new error to a service in catalog",
        "description" : "",
        "operationId" : "post-errorservice",
        "consumes" : [ "application/json" ],
        "produces" : [ "application/json" ],
        "parameters" : [ {
          "name" : "body",
          "in" : "body",
          "description" : "",
          "schema" : {
            "$ref" : "#/definitions/ErrorService"
          },
          "required" : true
        } ],
        "responses" : {
          "200" : {
            "description" : "a string to be returned",
            "schema" : {
              "type" : "string"
            },
            "headers" : { }
          },
          "400" : {
            "description" : "Bad Request",
            "schema" : {
              "type" : "string"
            }
          },
          "401" : {
            "description" : "Unauthorized",
            "schema" : {
              "type" : "string"
            }
          },
          "403" : {
            "description" : "Forbidden",
            "schema" : {
              "type" : "string"
            }
          },
          "404" : {
            "description" : "Not Found",
            "schema" : {
              "type" : "string"
            }
          },
          "500" : {
            "description" : "Internal Server Error",
            "schema" : {
              "type" : "string"
            }
          },
          "201" : {
            "description" : "Created",
            "schema" : {
              "type" : "string"
            }
          },
          "202" : {
            "description" : "Accepted",
            "schema" : {
              "type" : "string"
            }
          },
          "204" : {
            "description" : "No Content",
            "schema" : {
              "type" : "string"
            }
          }
        }
      },
      "get" : {
        "summary" : "Get all the error in services catalog",
        "description" : "",
        "operationId" : "get-errorservice",
        "consumes" : [ "application/json" ],
        "produces" : [ "application/json" ],
        "parameters" : [ ],
        "responses" : {
          "200" : {
            "description" : "a ErrorServiceArray to be returned",
            "schema" : {
              "$ref" : "#/definitions/ErrorServiceArray"
            },
            "headers" : { }
          },
          "400" : {
            "description" : "Bad Request",
            "schema" : {
              "type" : "string"
            }
          },
          "401" : {
            "description" : "Unauthorized",
            "schema" : {
              "type" : "string"
            }
          },
          "403" : {
            "description" : "Forbidden",
            "schema" : {
              "type" : "string"
            }
          },
          "404" : {
            "description" : "Not Found",
            "schema" : {
              "type" : "string"
            }
          },
          "500" : {
            "description" : "Internal Server Error",
            "schema" : {
              "type" : "string"
            }
          },
          "201" : {
            "description" : "Created",
            "schema" : {
              "type" : "string"
            }
          },
          "202" : {
            "description" : "Accepted",
            "schema" : {
              "type" : "string"
            }
          },
          "204" : {
            "description" : "No Content",
            "schema" : {
              "type" : "string"
            }
          }
        }
      },
      "put" : {
        "summary" : "Update one error in services",
        "description" : "",
        "operationId" : "put-errorservice",
        "consumes" : [ "application/json" ],
        "produces" : [ "application/json" ],
        "parameters" : [ {
          "name" : "body",
          "in" : "body",
          "description" : "",
          "schema" : {
            "$ref" : "#/definitions/ErrorService"
          },
          "required" : true
        }, {
          "name" : "eai_catalog_id",
          "in" : "query",
          "description" : "",
          "type" : "string",
          "required" : false
        }, {
          "name" : "aplication_name",
          "in" : "query",
          "description" : "",
          "type" : "string",
          "required" : false
        }, {
          "name" : "is_error",
          "in" : "query",
          "description" : "",
          "type" : "string",
          "required" : false
        }, {
          "name" : "native_code",
          "in" : "query",
          "description" : "",
          "type" : "string",
          "required" : false
        }, {
          "name" : "error_code_id",
          "in" : "query",
          "description" : "",
          "type" : "string",
          "required" : false
        } ],
        "responses" : {
          "200" : {
            "description" : "a string to be returned",
            "schema" : {
              "type" : "string"
            },
            "headers" : { }
          },
          "400" : {
            "description" : "Bad Request",
            "schema" : {
              "type" : "string"
            }
          },
          "401" : {
            "description" : "Unauthorized",
            "schema" : {
              "type" : "string"
            }
          },
          "403" : {
            "description" : "Forbidden",
            "schema" : {
              "type" : "string"
            }
          },
          "404" : {
            "description" : "Not Found",
            "schema" : {
              "type" : "string"
            }
          },
          "500" : {
            "description" : "Internal Server Error",
            "schema" : {
              "type" : "string"
            }
          },
          "201" : {
            "description" : "Created",
            "schema" : {
              "type" : "string"
            }
          },
          "202" : {
            "description" : "Accepted",
            "schema" : {
              "type" : "string"
            }
          },
          "204" : {
            "description" : "No Content",
            "schema" : {
              "type" : "string"
            }
          }
        }
      },
      "delete" : {
        "summary" : "Delete one error in services catalog",
        "description" : "",
        "operationId" : "delete-errorservice",
        "consumes" : [ "application/json" ],
        "produces" : [ "application/json" ],
        "parameters" : [ {
          "name" : "eai_catalog_id",
          "in" : "query",
          "description" : "",
          "type" : "integer",
          "format" : "int32",
          "required" : true
        }, {
          "name" : "system_native_code",
          "in" : "query",
          "description" : "",
          "type" : "string",
          "required" : false
        }, {
          "name" : "application_name",
          "in" : "query",
          "description" : "",
          "type" : "string",
          "required" : false
        }, {
          "name" : "iserror",
          "in" : "query",
          "description" : "",
          "type" : "string",
          "required" : false
        }, {
          "name" : "error_code_id",
          "in" : "query",
          "description" : "",
          "type" : "integer",
          "format" : "int32",
          "required" : true
        } ],
        "responses" : {
          "200" : {
            "description" : "a string to be returned",
            "schema" : {
              "type" : "string"
            },
            "headers" : { }
          },
          "400" : {
            "description" : "Bad Request"
          },
          "401" : {
            "description" : "Unauthorized"
          },
          "403" : {
            "description" : "Forbidden"
          },
          "404" : {
            "description" : "Not Found"
          },
          "500" : {
            "description" : "Internal Server Error"
          },
          "201" : {
            "description" : "Created"
          },
          "202" : {
            "description" : "Accepted"
          },
          "204" : {
            "description" : "No Content"
          }
        }
      }
    }
  },
  "definitions" : {
    "ErrorService" : {
      "type" : "object",
      "required" : [ "SYSTEM_NATIVE_CODE", "IS_ERROR" ],
      "properties" : {
        "APPLICATION_NAME" : {
          "type" : "string"
        },
        "ID" : {
          "type" : "integer"
        },
        "SYSTEM_NATIVE_CODE" : {
          "type" : "string"
        },
        "IS_ERROR" : {
          "type" : "string"
        },
        "Catalog" : {
          "$ref" : "#/definitions/Catalog"
        },
        "ErrorCode" : {
          "$ref" : "#/definitions/ErrorCode"
        }
      }
    },
    "ErrorCode" : {
      "type" : "object",
      "properties" : {
        "EAI_ERROR_CODE_ID" : {
          "type" : "integer"
        },
        "EAI_ERROR_CODE" : {
          "type" : "string"
        },
        "EAI_ERROR_CODE_DESC" : {
          "type" : "string"
        },
        "IS_ERROR" : {
          "type" : "string"
        }
      }
    },
    "ErrorServiceArray" : {
      "type" : "object",
      "properties" : {
        "ErrorService" : {
          "type" : "array",
          "items" : {
            "$ref" : "#/definitions/ErrorService",
            "uniqueItems" : false
          }
        }
      }
    },
    "Catalog" : {
      "type" : "object",
      "properties" : {
        "EAI_CATALOG_ID" : {
          "type" : "integer"
        },
        "SYSTEM" : {
          "type" : "string"
        },
        "SERVICE_NAME" : {
          "type" : "string"
        },
        "APPLICATION_NAME" : {
          "type" : "string"
        },
        "SERVICE_TYPE" : {
          "type" : "string"
        },
        "SERVICE_FUNCTION" : {
          "type" : "string"
        },
        "SERVICE_OPERATION" : {
          "type" : "string"
        },
        "SERVICE_VERSION" : {
          "type" : "string"
        },
        "RECEIVER_TYPE" : {
          "type" : "string"
        },
        "RECEIVER_DESTINATION" : {
          "type" : "string"
        },
        "HAS_HANDLING" : {
          "type" : "string"
        },
        "HAS_SEQUENCE" : {
          "type" : "string"
        }
      }
    }
  }
}