{
  "swagger" : "2.0",
  "info" : {
    "version" : "1.0",
    "title" : "REST Service for FWK Configuration",
    "description" : "REST Service for FWK Configuration"
  },
  "host" : "localhost:8080",
  "basePath" : "/",
  "schemes" : [ "http" ],
  "paths" : {
    "/configuration" : {
      "post" : {
        "summary" : "Add new Configuration to a service in catalog for a specific error code",
        "description" : "",
        "operationId" : "post-configuration",
        "consumes" : [ "application/json" ],
        "produces" : [ "application/json" ],
        "parameters" : [ {
          "name" : "body",
          "in" : "body",
          "description" : "",
          "schema" : {
            "$ref" : "#/definitions/Configuration"
          },
          "required" : true
        } ],
        "responses" : {
          "200" : {
            "description" : "a string to be returned",
            "schema" : {
              "type" : "string"
            },
            "headers" : { }
          },
          "400" : {
            "description" : "Bad Request",
            "schema" : {
              "type" : "string"
            }
          },
          "401" : {
            "description" : "Unauthorized",
            "schema" : {
              "type" : "string"
            }
          },
          "403" : {
            "description" : "Forbidden",
            "schema" : {
              "type" : "string"
            }
          },
          "404" : {
            "description" : "Not Found",
            "schema" : {
              "type" : "string"
            }
          },
          "500" : {
            "description" : "Internal Server Error",
            "schema" : {
              "type" : "string"
            }
          },
          "201" : {
            "description" : "Created",
            "schema" : {
              "type" : "string"
            }
          },
          "202" : {
            "description" : "Accepted",
            "schema" : {
              "type" : "string"
            }
          },
          "204" : {
            "description" : "No Content",
            "schema" : {
              "type" : "string"
            }
          }
        }
      },
      "get" : {
        "summary" : "Get all Configuration ",
        "description" : "",
        "operationId" : "get-configuration",
        "consumes" : [ "application/json" ],
        "produces" : [ "application/json" ],
        "parameters" : [ ],
        "responses" : {
          "200" : {
            "description" : "a ConfigurationArray to be returned",
            "schema" : {
              "$ref" : "#/definitions/ConfigurationArray"
            },
            "headers" : { }
          },
          "400" : {
            "description" : "Bad Request",
            "schema" : {
              "type" : "string"
            }
          },
          "401" : {
            "description" : "Unauthorized",
            "schema" : {
              "type" : "string"
            }
          },
          "403" : {
            "description" : "Forbidden",
            "schema" : {
              "type" : "string"
            }
          },
          "404" : {
            "description" : "Not Found",
            "schema" : {
              "type" : "string"
            }
          },
          "500" : {
            "description" : "Internal Server Error",
            "schema" : {
              "type" : "string"
            }
          },
          "201" : {
            "description" : "Created",
            "schema" : {
              "type" : "string"
            }
          },
          "202" : {
            "description" : "Accepted",
            "schema" : {
              "type" : "string"
            }
          },
          "204" : {
            "description" : "No Content",
            "schema" : {
              "type" : "string"
            }
          }
        }
      },
      "put" : {
        "summary" : "Update Configuration by service in Catalog and Error Code",
        "description" : "",
        "operationId" : "put-configuration",
        "consumes" : [ "application/json" ],
        "produces" : [ "application/json" ],
        "parameters" : [ {
          "name" : "body",
          "in" : "body",
          "description" : "",
          "schema" : {
            "$ref" : "#/definitions/Configuration"
          },
          "required" : true
        }, {
          "name" : "eai_catalog_id",
          "in" : "query",
          "description" : "",
          "type" : "string",
          "required" : false
        }, {
          "name" : "eai_error_code_id",
          "in" : "query",
          "description" : "",
          "type" : "string",
          "required" : false
        } ],
        "responses" : {
          "200" : {
            "description" : "a string to be returned",
            "schema" : {
              "type" : "string"
            },
            "headers" : { }
          },
          "400" : {
            "description" : "Bad Request",
            "schema" : {
              "type" : "string"
            }
          },
          "401" : {
            "description" : "Unauthorized",
            "schema" : {
              "type" : "string"
            }
          },
          "403" : {
            "description" : "Forbidden",
            "schema" : {
              "type" : "string"
            }
          },
          "404" : {
            "description" : "Not Found",
            "schema" : {
              "type" : "string"
            }
          },
          "500" : {
            "description" : "Internal Server Error",
            "schema" : {
              "type" : "string"
            }
          },
          "201" : {
            "description" : "Created",
            "schema" : {
              "type" : "string"
            }
          },
          "202" : {
            "description" : "Accepted",
            "schema" : {
              "type" : "string"
            }
          },
          "204" : {
            "description" : "No Content",
            "schema" : {
              "type" : "string"
            }
          }
        }
      },
      "delete" : {
        "summary" : "Delete one Configuration",
        "description" : "",
        "operationId" : "delete-configuration",
        "consumes" : [ "application/json" ],
        "produces" : [ "application/json" ],
        "parameters" : [ {
          "name" : "catalogid",
          "in" : "query",
          "description" : "",
          "type" : "string",
          "required" : true
        }, {
          "name" : "errocodeid",
          "in" : "query",
          "description" : "",
          "type" : "string",
          "required" : true
        } ],
        "responses" : {
          "200" : {
            "description" : "a string to be returned",
            "schema" : {
              "type" : "string"
            }
          }
        }
      }
    }
  },
  "definitions" : {
    "Configuration" : {
      "type" : "object",
      "properties" : {
        "ID" : {
          "type" : "string"
        },
        "EAI_CATALOG_ID" : {
          "type" : "string"
        },
        "SERVICE_NAME" : {
          "type" : "string"
        },
        "EAI_ERROR_CODE_ID" : {
          "type" : "string"
        },
        "MAX_RETRIES" : {
          "type" : "string"
        },
        "WAIT_TIME_SECS" : {
          "type" : "string"
        },
        "DELTA_TIME_SECS" : {
          "type" : "string"
        },
        "DELTA_PERCENTAGE" : {
          "type" : "string"
        },
        "Catalog" : {
          "$ref" : "#/definitions/Catalog"
        },
        "ErrorCode" : {
          "$ref" : "#/definitions/ErrorCode"
        }
      }
    },
    "ConfigurationArray" : {
      "type" : "object",
      "properties" : {
        "Configuration" : {
          "type" : "array",
          "items" : {
            "$ref" : "#/definitions/Configuration",
            "uniqueItems" : false
          }
        }
      }
    },
    "ErrorCode" : {
      "type" : "object",
      "properties" : {
        "EAI_ERROR_CODE_ID" : {
          "type" : "integer"
        },
        "EAI_ERROR_CODE" : {
          "type" : "string"
        },
        "EAI_ERROR_CODE_DESC" : {
          "type" : "string"
        },
        "IS_ERROR" : {
          "type" : "string"
        }
      }
    },
    "Catalog" : {
      "type" : "object",
      "properties" : {
        "EAI_CATALOG_ID" : {
          "type" : "integer"
        },
        "SYSTEM" : {
          "type" : "string"
        },
        "SERVICE_NAME" : {
          "type" : "string"
        },
        "APPLICATION_NAME" : {
          "type" : "string"
        },
        "SERVICE_TYPE" : {
          "type" : "string"
        },
        "SERVICE_FUNCTION" : {
          "type" : "string"
        },
        "SERVICE_OPERATION" : {
          "type" : "string"
        },
        "SERVICE_VERSION" : {
          "type" : "string"
        },
        "RECEIVER_TYPE" : {
          "type" : "string"
        },
        "RECEIVER_DESTINATION" : {
          "type" : "string"
        },
        "HAS_HANDLING" : {
          "type" : "string"
        },
        "HAS_SEQUENCE" : {
          "type" : "string"
        }
      }
    }
  }
}